<?xml version="1.0" encoding="UTF-8"?>
<LightningMessageChannel xmlns="http://soap.sforce.com/2006/04/metadata">
   <masterLabel>firstChannel</masterLabel>
   <isExposed>true</isExposed>
   <description>This Lightning Message Channel sends information from LWC to LWC</description>

   <lightningMessageFields>
       <fieldName>firstValue</fieldName>
       <description>Storing the data 1</description>
   </lightningMessageFields>
   <lightningMessageFields>
       <fieldName>secondValue</fieldName>
       <description>Storing the data 2</description>
   </lightningMessageFields>
   <lightningMessageFields>
       <fieldName>operand</fieldName>
       <description>Storing the operand</description>
   </lightningMessageFields>
</LightningMessageChannel>